id,type,query,answer_exists,addresses_question,numbers_supported,claims_source_eligible,dates_and_recency,citations,score_and_rank,insufficient_evidence_honesty,latency_s,model_calls,evidence_items,auto_unsupported_numbers,auto_ineligible_claims,auto_unsupported_claims
CR1,company_research,What is the outlook for Kotak Mahindra Bank?,False,UNVERIFIED,UNVERIFIED,UNVERIFIED,UNVERIFIED,UNVERIFIED,UNVERIFIED,UNVERIFIED,36.2,2,,,,
CR2,company_research,How is 3M India doing as a business?,False,UNVERIFIED,UNVERIFIED,UNVERIFIED,UNVERIFIED,UNVERIFIED,UNVERIFIED,UNVERIFIED,0.23,2,,,,
CR3,company_research,What is happening with TCS lately?,False,UNVERIFIED,UNVERIFIED,UNVERIFIED,UNVERIFIED,UNVERIFIED,UNVERIFIED,UNVERIFIED,0.36,2,,,,
EI1,event_impact,"BEL just won a new defence order, what does this mean for the stock?",False,UNVERIFIED,UNVERIFIED,UNVERIFIED,UNVERIFIED,UNVERIFIED,UNVERIFIED,UNVERIFIED,0.38,0,,,,
EI2,event_impact,"TCS just announced a new AI research center, what does this mean?",False,UNVERIFIED,UNVERIFIED,UNVERIFIED,UNVERIFIED,UNVERIFIED,UNVERIFIED,UNVERIFIED,0.34,0,,,,
EI3,event_impact,"Banking sector just reported stronger credit growth, what is the impact?",False,UNVERIFIED,UNVERIFIED,UNVERIFIED,UNVERIFIED,UNVERIFIED,UNVERIFIED,UNVERIFIED,0.89,0,,,,
SR1,sector_research,How is the banking sector doing right now?,False,UNVERIFIED,UNVERIFIED,UNVERIFIED,UNVERIFIED,UNVERIFIED,UNVERIFIED,UNVERIFIED,0.2,0,,,,
SR2,sector_research,What is the outlook for the IT services sector?,False,UNVERIFIED,UNVERIFIED,UNVERIFIED,UNVERIFIED,UNVERIFIED,UNVERIFIED,UNVERIFIED,0.25,0,,,,
SR3,sector_research,Which sectors look weak in the market at the moment?,False,UNVERIFIED,UNVERIFIED,UNVERIFIED,UNVERIFIED,UNVERIFIED,UNVERIFIED,UNVERIFIED,0.12,0,,,,
MP1,macro_policy,What happens to Indian banks if the RBI cuts the repo rate?,False,UNVERIFIED,UNVERIFIED,UNVERIFIED,UNVERIFIED,UNVERIFIED,UNVERIFIED,UNVERIFIED,1.53,0,,,,
MP2,macro_policy,How would higher crude oil prices affect Indian markets?,False,UNVERIFIED,UNVERIFIED,UNVERIFIED,UNVERIFIED,UNVERIFIED,UNVERIFIED,UNVERIFIED,0.25,0,,,,
MP3,macro_policy,How would a weaker rupee affect Indian IT exporters?,False,UNVERIFIED,UNVERIFIED,UNVERIFIED,UNVERIFIED,UNVERIFIED,UNVERIFIED,UNVERIFIED,0.2,0,,,,
CC1,company_comparison,"TCS vs Infosys, which is stronger?",False,UNVERIFIED,UNVERIFIED,UNVERIFIED,UNVERIFIED,UNVERIFIED,UNVERIFIED,UNVERIFIED,0.77,0,,,,
CC2,company_comparison,Compare HDFC Bank and ICICI Bank.,False,UNVERIFIED,UNVERIFIED,UNVERIFIED,UNVERIFIED,UNVERIFIED,UNVERIFIED,UNVERIFIED,0.81,0,,,,
CC3,company_comparison,I hold BEL. Should I switch to HAL?,False,UNVERIFIED,UNVERIFIED,UNVERIFIED,UNVERIFIED,UNVERIFIED,UNVERIFIED,UNVERIFIED,0.88,0,,,,
GE1,general_explanation,What is a P/E ratio and how should I read it?,False,UNVERIFIED,UNVERIFIED,UNVERIFIED,UNVERIFIED,UNVERIFIED,UNVERIFIED,UNVERIFIED,0.08,0,,,,
GE2,general_explanation,What does FII selling mean for the Indian market?,False,UNVERIFIED,UNVERIFIED,UNVERIFIED,UNVERIFIED,UNVERIFIED,UNVERIFIED,UNVERIFIED,0.11,0,,,,
GE3,general_explanation,How does the MarketRipple Score work?,False,UNVERIFIED,UNVERIFIED,UNVERIFIED,UNVERIFIED,UNVERIFIED,UNVERIFIED,UNVERIFIED,0.09,0,,,,
