id,type,query,route,entities,evidence,addresses_question,numbers_supported,citations,score_consistency,degraded_honesty,degraded_copy_vs_evidence,route_selected,degraded_state,availability,latency_s_live,retrieval_s,model_calls,evidence_items
CR1,company_research,What is the outlook for Kotak Mahindra Bank?,PASS,FAIL,FAIL,UNVERIFIED,UNVERIFIED,UNVERIFIED,UNVERIFIED,PASS,FAIL,company / direct_company_research,capacity,temporarily_unavailable,13.33,10.52,2,18
CR2,company_research,How is 3M India doing as a business?,PASS,FAIL,FAIL,UNVERIFIED,UNVERIFIED,UNVERIFIED,UNVERIFIED,PASS,FAIL,company / direct_company_research,capacity,temporarily_unavailable,19.36,22.72,2,23
CR3,company_research,What is happening with TCS lately?,PASS,PASS,PASS,UNVERIFIED,UNVERIFIED,UNVERIFIED,UNVERIFIED,PASS,PASS,company / direct_company_research,capacity,temporarily_unavailable,0.41,2.02,2,11
EI1,event_impact,"BEL just won a new defence order, what does this mean for the stock?",PASS,PASS,PASS,UNVERIFIED,UNVERIFIED,UNVERIFIED,UNVERIFIED,PASS,PASS,company / event_impact,capacity,temporarily_unavailable,0.33,1.84,0,9
EI2,event_impact,"TCS just announced a new AI research center, what does this mean?",PASS,PASS,PASS,UNVERIFIED,UNVERIFIED,UNVERIFIED,UNVERIFIED,PASS,PASS,company / event_impact,capacity,temporarily_unavailable,0.25,1.8,0,9
EI3,event_impact,"Banking sector just reported stronger credit growth, what is the impact?",PASS,PASS,PASS,UNVERIFIED,UNVERIFIED,UNVERIFIED,UNVERIFIED,PASS,FAIL,sector / event_impact,capacity,temporarily_unavailable,0.86,1.77,0,18
SR1,sector_research,How is the banking sector doing right now?,PASS,PASS,PASS,UNVERIFIED,UNVERIFIED,UNVERIFIED,UNVERIFIED,PASS,FAIL,sector / sector_theme_research,capacity,temporarily_unavailable,0.23,1.02,0,18
SR2,sector_research,What is the outlook for the IT services sector?,PASS,PASS,PASS,UNVERIFIED,UNVERIFIED,UNVERIFIED,UNVERIFIED,PASS,FAIL,sector / sector_theme_research,capacity,temporarily_unavailable,0.2,2.72,0,22
SR3,sector_research,Which sectors look weak in the market at the moment?,FAIL,PASS,FAIL,UNVERIFIED,UNVERIFIED,UNVERIFIED,UNVERIFIED,PASS,FAIL,company / direct_company_research,capacity,temporarily_unavailable,0.23,0.31,0,23
MP1,macro_policy,What happens to Indian banks if the RBI cuts the repo rate?,FAIL,FAIL,FAIL,FAIL,UNVERIFIED,UNVERIFIED,UNVERIFIED,PASS,UNVERIFIED,- / ambiguous_entity,ambiguous_entity,no_verified_evidence,0.03,0.02,0,0
MP2,macro_policy,How would higher crude oil prices affect Indian markets?,FAIL,FAIL,PASS,UNVERIFIED,UNVERIFIED,UNVERIFIED,UNVERIFIED,PASS,FAIL,company / direct_company_research,capacity,temporarily_unavailable,2.59,1.33,0,18
MP3,macro_policy,How would a weaker rupee affect Indian IT exporters?,FAIL,FAIL,FAIL,FAIL,UNVERIFIED,UNVERIFIED,UNVERIFIED,PASS,UNVERIFIED,- / ambiguous_entity,ambiguous_entity,no_verified_evidence,0.02,0.66,0,0
CC1,company_comparison,"TCS vs Infosys, which is stronger?",PASS,PASS,FAIL,UNVERIFIED,UNVERIFIED,UNVERIFIED,UNVERIFIED,PASS,PASS,comparison / company_comparison,capacity,temporarily_unavailable,0.27,0.36,0,9
CC2,company_comparison,Compare HDFC Bank and ICICI Bank.,PASS,PASS,FAIL,UNVERIFIED,UNVERIFIED,UNVERIFIED,UNVERIFIED,PASS,PASS,comparison / company_comparison,capacity,temporarily_unavailable,0.25,0.16,0,9
CC3,company_comparison,I hold BEL. Should I switch to HAL?,PASS,PASS,FAIL,UNVERIFIED,UNVERIFIED,UNVERIFIED,UNVERIFIED,PASS,PASS,comparison / switch_analysis,capacity,temporarily_unavailable,0.2,0.16,0,10
GE1,general_explanation,What is a P/E ratio and how should I read it?,PASS,FAIL,PASS,UNVERIFIED,UNVERIFIED,UNVERIFIED,UNVERIFIED,PASS,FAIL,company / direct_company_research,capacity,temporarily_unavailable,0.2,0.09,0,22
GE2,general_explanation,What does FII selling mean for the Indian market?,FAIL,FAIL,FAIL,FAIL,UNVERIFIED,UNVERIFIED,UNVERIFIED,PASS,UNVERIFIED,- / ambiguous_entity,ambiguous_entity,no_verified_evidence,0.02,0.02,0,0
GE3,general_explanation,How does the MarketRipple Score work?,FAIL,FAIL,FAIL,FAIL,UNVERIFIED,UNVERIFIED,UNVERIFIED,PASS,UNVERIFIED,- / unsupported_entity,unsupported_entity,no_verified_evidence,0.05,0.05,0,0
